-- V004__catalogos_basicos_seed.sql
-- Catálogos base (semillas). Mantiene tus datos originales y agrega tipos_directivos.

---------------------------
-- TIPOS DE DOCUMENTOS
---------------------------
INSERT INTO catalogos.tipos_documentos (tipo_documento, nombre_tipo_documento, tipo_dv, tipo_documento_dian) VALUES
('C','Cédula de Ciudadanía',false,'13'),
('N','Número de Identificación Tributaria',true,'31'),
('U','NUIP',false,'41'),
('P','Pasaporte',false,'41'),
('E','Cédula de Extranjería',false,'22'),
('R','Registro Civil',false,'11'),
('I','Tarjeta de Identidad',false,'12'),
('O','Otro',false,'41')
ON CONFLICT (tipo_documento) DO NOTHING;

---------------------------
-- GÉNEROS
---------------------------
INSERT INTO catalogos.generos (codigo_genero, nombre_genero) VALUES
('1','Masculino'),
('2','Femenino'),
('3','Otro/No especifica')
ON CONFLICT (codigo_genero) DO NOTHING;

---------------------------
-- ESTADOS CIVILES
---------------------------
INSERT INTO catalogos.estados_civiles (codigo_estado_civil, nombre_estado_civil) VALUES
('1','Soltero(a)'),
('2','Casado(a)'),
('3','Unión libre'),
('4','Separado(a)'),
('5','Divorciado(a)'),
('6','Viudo(a)'),
('0','Ninguno(a)')
ON CONFLICT (codigo_estado_civil) DO NOTHING;

---------------------------
-- NIVELES ESCOLARES
---------------------------
INSERT INTO catalogos.niveles_escolares (codigo_escolaridad, nombre_escolaridad) VALUES
('0','Ninguna'),
('1','Primaria'),
('2','Bachillerato'),
('3','Técnico'),
('4','Tecnología'),
('5','Universitario'),
('6','Especialización'),
('7','Maestría'),
('8','Doctorado'),
('9','Postdoctorado')
ON CONFLICT (codigo_escolaridad) DO NOTHING;

---------------------------
-- OCUPACIONES
---------------------------
INSERT INTO catalogos.ocupaciones (codigo_ocupacion, nombre_ocupacion) VALUES
('1','Empleado'),
('2','Independiente'),
('3','Pensionado'),
('4','Estudiante'),
('5','Hogar'),
('6','Cesante'),
('0','No aplica')
ON CONFLICT (codigo_ocupacion) DO NOTHING;

---------------------------
-- PAISES (tal cual enviaste; ejemplo mínimo incluido)
---------------------------
INSERT INTO catalogos.paises (id_pais, codigo_pais, codigo_dos, nombre_pais) VALUES
(1,'AD','037','ANDORRA'),
(2,'AE','244','EMIRATOS ARABES UNID'),
(3,'AF','013','AFGANISTAN'),
(4,'AG','043','ANTIGUA Y BARBUDA'),
(5,'AI','041','ANGUILLA'),
(6,'AL','017','ALBANIA'),
(7,'AM','026','ARMENIA'),
(8,'AN','047','ANTILLAS HOLANDESAS'),
(9,'AO','040','ANGOLA'),
(10,'AR','063','ARGENTINA'),
(11,'AS','690','SAMOA NORTEAMERICANA'),
(12,'AT','072','AUSTRIA'),
(13,'AU','069','AUSTRALIA'),
(14,'AW','027','ARUBA'),
(15,'AZ','074','AZERBAIJAN'),
(16,'BA','029','BOSNIA-HERZEGOVINA'),
(17,'BB','083','BARBADOS'),
(18,'BD','081','BANGLADESH'),
(19,'BE','087','BELGICA'),
(20,'BF','031','BURKINA FASSO'),
(21,'BG','111','BULGARIA'),
(22,'BH','080','BAHREIN'),
(23,'BI','115','BURUNDI'),
(24,'BJ','229','BENIN'),
(25,'BM','090','BERMUDAS'),
(26,'BN','108','BRUNEI DARUSSALAM'),
(27,'BO','097','BOLIVIA'),
(28,'BR','105','BRASIL'),
(29,'BS','077','BAHAMAS'),
(30,'BW','101','BOTSWANA'),
(31,'BZ','088','BELICE'),
(32,'CA','149','CANADA'),
(33,'CF','640','REPUBLICA CENTROAFRI'),
(34,'CG','177','CONGO'),
(35,'CH','767','SUIZA'),
(36,'CI','193','COSTA DE MARFIL'),
(37,'CL','211','CHILE'),
(38,'CM','145','CAMERUN, REPUBLICA U'),
(39,'CN','215','CHINA'),
(40,'CO','169','COLOMBIA'),
(41,'CR','196','COSTA RICA'),
(42,'CU','199','CUBA'),
(43,'CV','127','CABO VERDE'),
(44,'CX','511','NAVIDAD (CHRISTMAS)'),
(45,'CY','221','CHIPRE'),
(46,'CZ','644','REPUBLICA CHECA'),
(47,'DE','023','ALEMANIA'),
(48,'DK','232','DINAMARCA'),
(49,'DM','235','DOMINICA'),
(50,'DO','647','REPUBLICA DOMINICANA'),
(51,'DZ','059','ARGELIA'),
(52,'EC','239','ECUADOR'),
(53,'EE','251','ESTONIA'),
(54,'EG','240','EGIPTO'),
(55,'EH','685','SAHARA OCCIDENTAL'),
(56,'ER','243','ERITREA'),
(57,'ES','245','ESPAÑA'),
(58,'ET','253','ETIOPIA'),
(59,'FI','271','FINLANDIA'),
(60,'FJ','870','FIJI'),
(61,'FM','494','MICRONESIA,ESTADOS F'),
(62,'FO','259','FEROE, ISLAS'),
(63,'FR','275','FRANCIA'),
(64,'GA','281','GABON'),
(65,'GB','628','REINO UNIDO'),
(66,'GD','297','GRANADA'),
(67,'GE','287','GEORGIA'),
(68,'GF','325','GUAYANA FRANCESA'),
(69,'GH','289','GHANA'),
(70,'GI','293','GIBRALTAR'),
(71,'GL','305','GROENLANDIA'),
(72,'GM','285','GAMBIA'),
(73,'GN','329','GUINEA'),
(74,'GP','309','GUADALUPE'),
(75,'GQ','331','GUINEA ECUATORIAL'),
(76,'GR','301','GRECIA'),
(77,'GT','317','GUATEMALA'),
(78,'GU','313','GUAM'),
(79,'GW','334','GUINEA - BISSAU'),
(80,'GY','337','GUYANA'),
(81,'HK','351','HONG KONG'),
(82,'HN','345','HONDURAS'),
(83,'HR','198','CROACIA'),
(84,'HT','341','HAITI'),
(85,'HU','355','HUNGRIA'),
(86,'ID','365','INDONESIA'),
(87,'IE','375','IRLANDA (EIRE)'),
(88,'IL','383','ISRAEL'),
(89,'IM','033','ISLA DE MAN'),
(90,'IN','361','INDIA'),
(91,'IO','786','TERRI ANTARTICO BRIT'),
(92,'IQ','369','IRAK'),
(93,'IR','372','IRAN, REPUBLICA ISLA'),
(94,'IS','379','ISLANDIA'),
(95,'IT','386','ITALIA'),
(96,'JM','391','JAMAICA'),
(97,'JO','403','JORDANIA'),
(98,'JP','399','JAPON'),
(99,'KE','410','KENYA'),
(100,'KG','412','KIRGUIZISTAN'),
(101,'KH','141','KAMPUCHEA (CAMBOYA)'),
(102,'KI','411','KIRIBATI'),
(103,'KM','173','COMORAS'),
(104,'KN','695','SAN CRISTOBAL Y NIEVES'),
(105,'KP','187','COREA DEL NORTE,REPU'),
(106,'KR','190','COREA DEL SUR, REPUB'),
(107,'KW','413','KUWAIT'),
(108,'KY','137','CAIMAN, ISLAS'),
(109,'KZ','406','KAZAJSTAN'),
(110,'LA','420','LAOS,REPUBLICA POPUL'),
(111,'LB','431','LIBANO'),
(112,'LC','715','SANTA LUCIA'),
(113,'LI','440','LIECHTENSTEIN'),
(114,'LK','750','SRI LANKA'),
(115,'LR','434','LIBERIA'),
(116,'LS','426','LESOTHO'),
(117,'LT','443','LITUANIA'),
(118,'LU','445','LUXEMBURGO'),
(119,'LV','429','LETONIA'),
(120,'LY','438','LIBIA(INCLUYE FEZZAN'),
(121,'MA','474','MARRUECOS'),
(122,'MC','498','MONACO'),
(123,'MD','496','MOLDAVIA'),
(124,'ME','502','MONTENEGRO'),
(125,'MG','450','MADAGASCAR'),
(126,'MH','472','MARSHALL, ISLAS'),
(127,'MK','448','MACEDONIA'),
(128,'ML','464','MALI'),
(129,'MN','497','MONGOLIA'),
(130,'MO','447','MACAO'),
(131,'MQ','477','MARTINICA'),
(132,'MR','488','MAURITANIA'),
(133,'MS','501','MONSERRAT, ISLA'),
(134,'MT','467','MALTA'),
(135,'MU','485','MAURICIO'),
(136,'MV','461','MALDIVAS'),
(137,'MW','458','MALAWI'),
(138,'MX','493','MEXICO'),
(139,'MY','455','MALASIA'),
(140,'MZ','505','MOZAMBIQUE'),
(141,'NA','507','NAMIBIA'),
(142,'NC','542','NUEVA CALEDONIA'),
(143,'NE','525','NIGER'),
(144,'NF','535','NORFOLK, ISLA'),
(145,'NG','528','NIGERIA'),
(146,'NI','521','NICARAGUA'),
(147,'NL','573','PAISES BAJOS(HOLANDA'),
(148,'NO','538','NORUEGA'),
(149,'NP','517','NEPAL'),
(150,'NR','508','NAURU'),
(151,'NU','531','NIUE, ISLA'),
(152,'NZ','548','NUEVA ZELANDIA'),
(153,'OM','556','OMAN'),
(154,'PA','580','PANAMA'),
(155,'PE','589','PERU'),
(156,'PF','599','POLINESIA FRANCESA'),
(157,'PG','545','PAPUASIA NUEV GUINEA'),
(158,'PH','267','FILIPINAS'),
(159,'PK','576','PAKISTAN'),
(160,'PL','603','POLONIA'),
(161,'PM','700','SAN PEDRO Y MIGUELON'),
(162,'PN','593','PITCAIRN, ISLA'),
(163,'PR','611','PUERTO RICO'),
(164,'PS','579','PALESTINA'),
(165,'PT','607','PORTUGAL'),
(166,'PW','578','PALAU, ISLAS'),
(167,'PY','586','PARAGUAY'),
(168,'QA','618','QATAR'),
(169,'RE','660','REUNION'),
(170,'RO','670','RUMANIA'),
(171,'RS','032','SERBIA'),
(172,'RU','676','RUSIA'),
(173,'RW','675','RWANDA'),
(174,'SA','053','ARABIA SAUDITA'),
(175,'SB','677','SALOMSN, ISLAS'),
(176,'SC','731','SEYCHELLES'),
(177,'SD','759','SUDAN'),
(178,'SE','764','SUECIA'),
(179,'SG','741','SINGAPUR'),
(180,'SH','710','SANTA ELENA'),
(181,'SI','247','ESLOVENIA'),
(182,'SK','246','ESLOVAQUIA'),
(183,'SL','735','SIERRA LEONA'),
(184,'SM','697','SAN MARINO'),
(185,'SN','728','SENEGAL'),
(186,'SO','748','SOMALIA'),
(187,'SR','770','SURINAM'),
(188,'ST','720','SANTO TOME Y PRINCIP'),
(189,'SV','242','EL SALVADOR'),
(190,'SY','744','SIRIA,REPUBLICA ARAB'),
(191,'TC','823','TURCAS Y CAICOS,ISLA'),
(192,'TD','203','CHAD'),
(193,'TF','787','TERRITORI BRITANICO'),
(194,'TG','800','TOGO'),
(195,'TH','776','TAILANDIA'),
(197,'TK','805','TOKELAU'),
(198,'TL','788','TIMOR DEL ESTE'),
(199,'TM','825','TURKMENISTAN'),
(200,'TN','820','TUNICIA'),
(201,'TO','810','TONGA'),
(202,'TR','827','TURQUIA'),
(203,'TT','815','TRINIDAD Y TOBAGO'),
(204,'TV','828','TUVALU'),
(205,'TW','218','TAIWAN (FORMOSA)'),
(206,'UA','830','UCRANIA'),
(207,'UG','833','UGANDA'),
(208,'US','249','ESTADOS UNIDOS'),
(209,'UY','845','URUGUAY'),
(210,'UZ','847','UZBEKISTAN'),
(211,'VA','159','CIUDAD DEL VATICANO'),
(212,'VC','705','SAN VICENTE Y LAS GR'),
(213,'VE','850','VENEZUELA'),
(214,'VG','863','VIRGENES,ISLAS(BRITA'),
(215,'VI','866','VIRGENES,ISLAS(NORTE'),
(216,'VN','855','VIETNAM'),
(217,'VU','551','VANUATU'),
(218,'WF','875','WALLIS Y FORTUNA,ISL'),
(219,'WS','687','SAMOA'),
(220,'YE','880','YEMEN'),
(221,'ZA','756','SUDAFRICA,REPUBLICA'),
(222,'XX','999','EXTRANGERIA')
ON CONFLICT (id_pais) DO NOTHING;

---------------------------
-- DEPARTAMENTOS (subset CO)
---------------------------
INSERT INTO catalogos.departamentos (id_departamento, codigo_departamento, nombre_departamento)
OVERRIDING SYSTEM VALUE
VALUES
(1,'05','ANTIOQUIA'),
(2,'08','ATLANTICO'),
(3,'11','BOGOTA'),
(4,'13','BOLIVAR'),
(5,'15','BOYACA'),
(6,'17','CALDAS'),
(7,'18','CAQUETA'),
(8,'19','CAUCA'),
(9,'20','CESAR'),
(10,'23','CORDOBA'),
(11,'25','CUNDINAMARCA'),
(12,'27','CHOCO'),
(13,'41','HUILA'),
(14,'44','LA GUAJIRA'),
(15,'47','MAGDALENA'),
(16,'50','META'),
(17,'52','NARIÑO'),
(18,'54','NORTE DE SANTANDER'),
(19,'63','QUINDIO'),
(20,'66','RISARALDA'),
(21,'68','SANTANDER'),
(22,'70','SUCRE'),
(23,'73','TOLIMA'),
(24,'76','VALLE'),
(25,'81','ARAUCA'),
(26,'85','CASANARE'),
(27,'86','PUTUMAYO'),
(28,'88','SAN ANDRES'),
(29,'91','AMAZONAS'),
(30,'94','GUAINIA'),
(31,'95','GUAVIARE'),
(32,'97','VAUPES'),
(33,'99','VICHADA'),
(34,'00','EXTRANJERO')
ON CONFLICT (id_departamento) DO NOTHING;

---------------------------
-- CIUDADES (subset CO)
-- (Usa exactamente la lista que compartiste; se deja intacta)
---------------------------
-- INSERTS DE catalogos.ciudades (... muy largo ...)
-- OVERRIDING SYSTEM VALUE
-- ON CONFLICT (id_ciudad) DO NOTHING;

-- === pega aquí SIN cambios la lista completa que ya tenías ===

---------------------------
-- TIPOS DE CONTRATO
---------------------------
INSERT INTO catalogos.tipos_contratos (codigo_tipo_contrato, nombre_tipo_contrato) VALUES
('0','No empleado'),
('1','Término Indefinido'),
('2','Término Fijo'),
('3','Culminación de obra'),
('4','Otro')
ON CONFLICT (codigo_tipo_contrato) DO NOTHING;

---------------------------
-- TIPOS DE EMPRESA
---------------------------
INSERT INTO catalogos.tipos_empresas (codigo_tipo_empresa, nombre_tipo_empresa) VALUES
('0','Pública'),
('1','Privada'),
('2','Mixta'),
('3','Otra')
ON CONFLICT (codigo_tipo_empresa) DO NOTHING;

---------------------------
-- SECTORES ECONÓMICOS (ejemplo)
---------------------------
INSERT INTO catalogos.sectores_economicos (codigo_sector_economico, nombre_sector_economico) VALUES
('1','INTERMEDIACION FINANCIERA'),
('2','SERVICIOS DE AHORRO Y CREDITO'),
('3','ORGANISMOS DE REPRESENTACION'),
('4','AGRICOLA'),
('5','PECUARIA'),
('6','SILVICULTURA'),
('7','PESCA'),
('8','MINERIA'),
('9','EDUCACION'),
('10','TRANSPORTE'),
('11','VIVIENDA'),
('12','CONSUMO (COMERCIO)'),
('13','INDUSTRIA'),
('14','SERVICIOS FUNERARIOS'),
('15','COMUNICACIONES'),
('16','OBRAS PUBLICAS'),
('17','HOTELES, RESTAURANTES, BARES Y SIMILARES'),
('18','TURISMO'),
('19','ASEO MANTENIMIENTO Y RECICLAJE'),
('20','INMOBILIARIAS Y DE ALQUILER'),
('21','SEGUROS'),
('22','SALUD'),
('23','VIGILANCIA Y SEGURIDAD'),
('24','SERVICIOS DE CREDITO'),
('99','OTRAS ACTIVIDADES')
ON CONFLICT (codigo_sector_economico) DO NOTHING;

---------------------------
-- TIPOS PEPs (ejemplo)
---------------------------
INSERT INTO catalogos.tipos_peps (tipo_peps, nombre_tipo_peps) VALUES
('000','NO ES PEPS'),
('001','Presidente la República'),
('002','Vicepresidente la República'),
('003','Altos consejeros de la Presidencia'),
('004','Director del Departamento Administrativo de la Presidencia la República'),
('005','Ministros'),
('006','Viceministros'),
('007','Secretarios generales de los Ministerios'),
('008','Secretarios generales de los Departamentos Administrativos'),
('009','Secretarios generales de las Superintendencias'),
('010','Tesoreros y directores financieros de los Ministerios'),
('011','Tesoreros y directores financieros de los Departamentos Administrativos'),
('012','Tesoreros y directores financieros de las Superintendencias'),
('013','Presidentes, directores, gerentes, secretarios generales, tesoreros y directores financieros de los Establecimientos Públicos'),
('014','Presidentes, directores, gerentes, secretarios generales, tesoreros y directores financieros de las Unidades Administrativas Especiales'),
('015','Presidentes, directores, gerentes, secretarios generales, tesoreros y directores financieros de las Empresas Públicas de Servicios Públicos Domiciliarios'),
('016','Presidentes, directores, gerentes, secretarios generales, tesoreros y directores financieros de las Empresas Sociales del Estado'),
('017','Presidentes, directores, gerentes, secretarios generales, tesoreros y directores financieros de las Empresas Industriales y Comerciales del Estado'),
('018','Presidentes, directores, gerentes, secretarios generales, tesoreros y directores financieros de las Sociedades de Economía Mixta'),
('019','Superintendentes y Superintendentes Delegados'),
('020','Generales de las Fuerzas Militares y de la Policía Nacional, e Inspectores de la Policía Nacional'),
('021','Gobernadores'),
('022','Alcaldes'),
('023','Diputados'),
('024','Concejales'),
('025','Tesoreros, directores financieros y secretarios generales de gobernaciones, alcaldías, concejos municipales y distritales, y asambleas departamentales'),
('026','Senadores'),
('027','Representantes a la Cámara'),
('028','Secretarios generales y secretarios de las comisiones constitucionales permanentes del Congreso de la República'),
('029','Directores administrativos del Senado y de la Cámara de Representantes'),
('030','Gerente y codirectores del Banco de la República'),
('031','Directores de las Corporaciones Autónomas Regionales'),
('032','Comisionados Nacionales del Servicio Civil'),
('033','Comisionados de la Autoridad Nacional de Televisión'),
('034','Comisionados de la Comisión de Regulación de Energía y Gas'),
('035','Comisionados de la Comisión de Regulación de Agua Potable y Saneamiento Básico'),
('036','Comisionados de la Comisión de Regulación de Comunicaciones'),
('037','Magistrados, Magistrados Auxiliares y Consejeros de Tribunales y Altas Cortes'),
('038','Jueces de la República'),
('039','Fiscal General de la Nación'),
('040','Vicefiscal General de la Nación'),
('041','Director de Fiscalías Nacionales'),
('042','Director Nacional de Seccionales y Seguridad Ciudadana'),
('043','Contralor General de la República'),
('044','Vicecontralor General de la República'),
('045','Contralores Delegados y Contralores territoriales'),
('046','Contador General'),
('047','Procurador General de la Nación'),
('048','Viceprocurador General de la Nación'),
('049','Procuradores Delegados'),
('050','Defensor del Pueblo'),
('051','Vicedefensor del Pueblo'),
('052','Defensores Delegados'),
('053','Auditor General de la República'),
('054','Consejeros del Consejo Nacional Electoral'),
('055','Registrador Nacional del Estado Civil y Registradores Delegados'),
('056','Representantes legales, presidentes, directores y tesoreros de partidos y movimientos políticos, y de otras formas de asociación política reconocidas por la ley'),
('057','Directores y tesoreros de patrimonios autónomos o fideicomisos que administren recursos públicos')
ON CONFLICT (tipo_peps) DO NOTHING;

---------------------------
-- PARENTESCOS
---------------------------
INSERT INTO catalogos.parentescos (codigo_parentesco, nombre_parentesco) VALUES
('0','Ninguno'),
('1','Abuelo'),
('2','Conyuge'),
('3','Cuñado'),
('5','Hermano(a)'),
('6','Hijo(a) Adoptivo'),
('7','Hijo(a)'),
('8','Madre Adoptante'),
('9','Madre'),
('10','Nieto(a)'),
('11','Padre Adoptante'),
('12','Padre'),
('13','Compañero(a) Permanente'),
('14','Primo(a)'),
('15','Sobrino(a)'),
('16','Suegro(a)'),
('17','Tío(a)'),
('18','Yerno'),
('19','Nuera'),
('20','Bisabuelo(a)'),
('21','Bisnieto(a)'),
('22','Primo(a) Hermano(a)'),
('23','Tío(a) Abuelo(a)')
ON CONFLICT (codigo_parentesco) DO NOTHING;

---------------------------
-- TIPOS DE BIENES
---------------------------
INSERT INTO catalogos.tipos_bienes (codigo_tipo_bien, descripcion_tipo_bien) VALUES
('0','CASA'),
('1','FINCA'),
('2','APARTAMENTO'),
('3','LOTE'),
('4','BODEGA'),
('5','CHALET'),
('6','OTRO'),
('7','AUTOMOVIL'),
('8','CAMIONETA PLATON'),
('9','MICROBUS'),
('10','MINIBUSETA'),
('11','TANQUE'),
('12','TRACTO CAMION'),
('13','VOLQUETA'),
('14','BUS'),
('15','BUSETA'),
('16','CAMION'),
('17','CAMION ESTACA'),
('18','MOTOCICLETA'),
('19','CAMIONETA'),
('20','CAMPERO'),
('21','CAMIONETA ESTACA'),
('22','CAMIONETA ESTACA NKR'),
('23','ACCIONES'),
('24','MAQUINARIA Y EQUIPO')
ON CONFLICT (codigo_tipo_bien) DO NOTHING;

---------------------------
-- TIPOS DE VIVIENDA
---------------------------
INSERT INTO catalogos.tipos_viviendas (codigo_tipo_vivienda, nombre_tipo_vivienda) VALUES
('P','PROPIA'),
('F','FAMILIAR'),
('A','ARRIENDO'),
('L','LEASSIN')
ON CONFLICT (codigo_tipo_vivienda) DO NOTHING;

---------------------------
-- TIPOS DE RÉGIMEN/RETENCIÓN
-- (conflict key corregida a codigo_regimen)
---------------------------
INSERT INTO catalogos.tipos_regimen (codigo_regimen, nombre_regimen, porcentaje_retencion, base_retencion) VALUES
('1','NO DECLARANTE',3.5, TRUE),
('2','DECLARANTE',2.5, TRUE),
('3','GRAN CONTRIBUYENTE',0, FALSE),
('4','REGIMEN DE TRIBUTACION SIMPLE',15, FALSE)
ON CONFLICT (codigo_regimen) DO NOTHING;

---------------------------
-- TIPOS DE DIRECTIVOS (NUEVO)
-- Usa la tabla catalogos.tipos_directivos EXACTAMENTE como definiste:
--   codigo_tipo_directivo VARCHAR(2) PRIMARY KEY
--   nombre_tipo_directivo VARCHAR(50)
---------------------------
INSERT INTO catalogos.tipos_directivos (codigo_tipo_directivo, nombre_tipo_directivo) VALUES
('0','Ninguno'),
('1','Integrante Consejo de Administración'),
('2','Integrante Junta de Vigilancia'),
('3','Representante Legal'),
('4','Revisor Fiscal'),
('5','Oficial de cumplimiento'),
('6','Empleado de cumplimiento'),
('7','Integrante Junta Directiva'),
('8','Integrante Comité de Administración'),
('9','Integrante Consejo de Dirección'),
('10','Integrante Junta de Control Social'),
('11','Integrante Comité de Control Social'),
('12','Integrante Comité de Vigilancia'),
('13','Contador')
ON CONFLICT (codigo_tipo_directivo) DO NOTHING;

---------------------------
  -- CIUDADES (subset CO)
  ---------------------------
  INSERT INTO catalogos.ciudades (id_ciudad, id_departamento, codigo_ciudad, nombre_ciudad)
  OVERRIDING SYSTEM VALUE
  VALUES
  (1,34,'000','EXTRANJERO'),
  (2,1,'001','MEDELLIN'),
  (3,1,'002','ABEJORRAL'),
  (4,1,'004','ABRIAQUI'),
  (5,1,'021','ALEJANDRIA'),
  (6,1,'030','AMAGA'),
  (7,1,'031','AMALFI'),
  (8,1,'034','ANDES'),
  (9,1,'036','ANGELOPOLIS'),
  (10,1,'038','ANGOSTURA'),
  (11,1,'040','ANORI'),
  (12,1,'042','ANTIOQUIA'),
  (13,1,'044','ANZA'),
  (14,1,'045','APARTADO'),
  (15,1,'051','ARBOLETES'),
  (16,1,'055','ARGELIA'),
  (17,1,'059','ARMENIA'),
  (18,1,'079','BARBOSA'),
  (19,1,'086','BELMIRA'),
  (20,1,'088','BELLO'),
  (21,1,'091','BETANIA'),
  (22,1,'093','BETULIA'),
  (23,1,'101','BOLIVAR'),
  (24,1,'107','BRICEÑO'),
  (25,1,'113','BURITICA'),
  (26,1,'120','CACERES'),
  (27,1,'125','CAICEDO'),
  (28,1,'129','CALDAS'),
  (29,1,'134','CAMPAMENTO'),
  (30,1,'138','CAÑASGORDAS'),
  (31,1,'142','CARACOLI'),
  (32,1,'145','CARAMANTA'),
  (33,1,'147','CAREPA'),
  (34,1,'148','CARMEN DE VIBORAL'),
  (35,1,'150','CAROLINA'),
  (36,1,'154','CAUCASIA'),
  (37,1,'172','CHIGORODO'),
  (38,1,'190','CISNEROS'),
  (39,1,'197','COCORNA'),
  (40,1,'206','CONCEPCION'),
  (41,1,'209','CONCORDIA'),
  (42,1,'212','COPACABANA'),
  (43,1,'234','DABEIBA'),
  (44,1,'237','DON MATIAS'),
  (45,1,'240','EBEJICO'),
  (46,1,'250','EL BAGRE'),
  (47,1,'264','ENTRERRIOS'),
  (48,1,'266','ENVIGADO'),
  (49,1,'282','FREDONIA'),
  (50,1,'284','FRONTINO'),
  (51,1,'306','GIRALDO'),
  (52,1,'308','GIRARDOTA'),
  (53,1,'310','GOMEZ PLATA'),
  (54,1,'313','GRANADA'),
  (55,1,'315','GUADALUPE'),
  (56,1,'318','GUARNE'),
  (57,1,'321','GUATAPE'),
  (58,1,'347','HELICONIA'),
  (59,1,'353','HISPANIA'),
  (60,1,'360','ITAGUI'),
  (61,1,'361','ITUANGO'),
  (62,1,'364','JARDIN'),
  (63,1,'368','JERICO'),
  (64,1,'376','LA CEJA'),
  (65,1,'380','LA ESTRELLA'),
  (66,1,'400','LA UNION'),
  (67,1,'411','LIBORINA'),
  (68,1,'425','MACEO'),
  (69,1,'440','MARINILLA'),
  (70,1,'467','MONTEBELLO'),
  (71,1,'475','MURINDO'),
  (72,1,'480','MUTATA'),
  (73,1,'483','NARIÑO'),
  (74,1,'490','NECOCLI'),
  (75,1,'495','NECHI'),
  (76,1,'501','OLAYA'),
  (77,1,'541','PEÑOL'),
  (78,1,'543','PEQUE'),
  (79,1,'576','PUEBLORRICO'),
  (80,1,'579','PUERTO BERRIO'),
  (81,1,'585','PTO NARE(LAMAGDALENA)'),
  (82,1,'591','PUERTO TRIUNFO'),
  (83,1,'604','REMEDIOS'),
  (84,1,'607','RETIRO'),
  (85,1,'615','RIONEGRO'),
  (86,1,'628','SABANALARGA'),
  (87,1,'631','SABANETA'),
  (88,1,'642','SALGAR'),
  (89,1,'647','SAN ANDRES'),
  (90,1,'649','SAN CARLOS'),
  (91,1,'652','SAN FRANCISCO'),
  (92,1,'656','SAN JERONIMO'),
  (93,1,'658','SAN JOSE DE LA MONTAÑA'),
  (94,1,'659','SAN JUAN DE URABA'),
  (95,1,'660','SAN LUIS'),
  (96,1,'664','SAN PEDRO'),
  (97,1,'665','SAN PEDRO DE URABA'),
  (98,1,'667','SAN RAFAEL'),
  (99,1,'670','SAN ROQUE'),
  (100,1,'674','SAN VICENTE'),
  (101,1,'679','SANTA BARBARA'),
  (102,1,'686','SANTA ROSA DE OSOS'),
  (103,1,'690','SANTO DOMINGO'),
  (104,1,'697','SANTUARIO'),
  (105,1,'736','SEGOVIA'),
  (106,1,'756','SONSON'),
  (107,1,'761','SOPETRAN'),
  (108,1,'789','TAMESIS'),
  (109,1,'790','TARAZA'),
  (110,1,'792','TARSO'),
  (111,1,'809','TITIRIBI'),
  (112,1,'819','TOLEDO'),
  (113,1,'837','TURBO'),
  (114,1,'842','URAMITA'),
  (115,1,'847','URRAO'),
  (116,1,'854','VALDIVIA'),
  (117,1,'856','VALPARAISO'),
  (118,1,'858','VEGACHI'),
  (119,1,'861','VENECIA'),
  (120,1,'873','VIGIA DEL FUERTE'),
  (121,1,'885','YALI'),
  (122,1,'887','YARUMAL'),
  (123,1,'890','YOLOMBO'),
  (124,1,'893','YONDO'),
  (125,1,'895','ZARAGOZA'),
  (126,2,'001','BARRANQUILLA'),
  (127,2,'078','BARANOA'),
  (128,2,'137','CAMPO D LA CRUZ'),
  (129,2,'141','CANDELARIA'),
  (130,2,'296','GALAPA'),
  (131,2,'372','JUAN DE ACOSTA'),
  (132,2,'421','LURUACO'),
  (133,2,'433','MALAMBO'),
  (134,2,'436','MANATI'),
  (135,2,'520','PALMAR DE VARELA'),
  (136,2,'549','PIOJO'),
  (137,2,'558','POLONUEVO'),
  (138,2,'560','PONEDERA'),
  (139,2,'573','PUERTO COLOMBIA'),
  (140,2,'606','REPELON'),
  (141,2,'634','SABANAGRANDE'),
  (142,2,'638','SABANALARGA'),
  (143,2,'675','SANTA LUCIA'),
  (144,2,'685','SANTO TOMAS'),
  (145,2,'758','SOLEDAD'),
  (146,2,'770','SUAN'),
  (147,2,'832','TUBARA'),
  (148,2,'849','USIACURI'),
  (149,3,'001','BOGOTA D.C.'),
  (150,4,'001','CARTAGENA'),
  (151,4,'006','ACHI'),
  (152,4,'052','ARJONA'),
  (153,4,'074','BARRANCO DE LOBA'),
  (154,4,'140','CALAMAR'),
  (155,4,'212','CORDOBA'),
  (156,4,'244','EL CARMEN DE BOLIVAR'),
  (157,4,'248','EL GUAMO'),
  (158,4,'430','MAGANGUE'),
  (159,4,'433','MAHATES'),
  (160,4,'440','MARGARITA'),
  (161,4,'442','MARIA LA BAJA'),
  (162,4,'468','MOMPOS'),
  (163,4,'473','MORALES'),
  (164,4,'549','PINILLOS'),
  (165,4,'600','RIO VIEJO'),
  (166,4,'647','SAN ESTANISLAO'),
  (167,4,'650','SAN FERNANDO'),
  (168,4,'654','SAN JACINTO'),
  (169,4,'657','SAN JUAN NEPOMUCENO'),
  (170,4,'667','SAN MARTIN DE LOBA'),
  (171,4,'670','SAN PABLO'),
  (172,4,'673','SANTA CATALINA'),
  (173,4,'683','SANTA ROSA'),
  (174,4,'688','SANTA ROSA DEL SUR'),
  (175,4,'744','SIMITI'),
  (176,4,'760','SOPLAVIENTO'),
  (177,4,'780','TALAIGUA NUEVO'),
  (178,4,'836','TURBACO'),
  (179,4,'838','TURBANA'),
  (180,4,'873','VILLANUEVA'),
  (181,4,'894','ZAMBRANO'),
  (182,5,'001','TUNJA'),
  (183,5,'022','ALMEIDA'),
  (184,5,'047','AQUITANIA'),
  (185,5,'051','ARCABUCO'),
  (186,5,'087','BELEN'),
  (187,5,'090','BERBEO'),
  (188,5,'092','BETEITIVA'),
  (189,5,'097','BOAVITA'),
  (190,5,'104','BOYACA'),
  (191,5,'106','BRICEÑO'),
  (192,5,'109','BUENAVISTA'),
  (193,5,'114','BUSBANZA'),
  (194,5,'131','CALDAS'),
  (195,5,'135','CAMPOHERMOSO'),
  (196,5,'162','CERINZA'),
  (197,5,'172','CHINAVITA'),
  (198,5,'176','CHIQUINQUIRA'),
  (199,5,'180','CHISCAS'),
  (200,5,'183','CHITA'),
  (201,5,'185','CHITARAQUE'),
  (202,5,'187','CHIVATA'),
  (203,5,'189','CIENEGA'),
  (204,5,'204','COMBITA'),
  (205,5,'212','COPER'),
  (206,5,'215','CORRALES'),
  (207,5,'218','COVARACHIA'),
  (208,5,'223','CUBARA'),
  (209,5,'224','CUCAITA'),
  (210,5,'226','CUITIVA'),
  (211,5,'232','CHIQUIZA'),
  (212,5,'236','CHIVOR'),
  (213,5,'238','DUITAMA'),
  (214,5,'244','EL COCUY'),
  (215,5,'248','EL ESPINO'),
  (216,5,'272','FIRAVITOBA'),
  (217,5,'276','FLORESTA'),
  (218,5,'293','GACHANTIVA'),
  (219,5,'296','GAMEZA'),
  (220,5,'299','GARAGOA'),
  (221,5,'317','GUACAMAYAS'),
  (222,5,'322','GUATEQUE'),
  (223,5,'325','GUAYATA'),
  (224,5,'332','GUICAN'),
  (225,5,'362','IZA'),
  (226,5,'367','JENESANO'),
  (227,5,'368','JERICO'),
  (228,5,'377','LABRANZAGRANDE'),
  (229,5,'380','LA CAPILLA'),
  (230,5,'401','LA VICTORIA'),
  (231,5,'403','LA UVITA'),
  (232,5,'407','VILLA DE LEYVA'),
  (233,5,'425','MACANAL'),
  (234,5,'442','MARIPI'),
  (235,5,'455','MIRAFLORES'),
  (236,5,'464','MONGUA'),
  (237,5,'466','MONGUI'),
  (238,5,'469','MONIQUIRA'),
  (239,5,'476','MOTAVITA'),
  (240,5,'480','MUZO'),
  (241,5,'491','NOBSA'),
  (242,5,'494','NUEVO COLON'),
  (243,5,'500','OICATA'),
  (244,5,'507','OTANCHE'),
  (245,5,'511','PACHAVITA'),
  (246,5,'514','PAEZ'),
  (247,5,'516','PAIPA'),
  (248,5,'518','PAJARITO'),
  (249,5,'522','PANQUEBA'),
  (250,5,'531','PAUNA'),
  (251,5,'533','PAYA'),
  (252,5,'537','PAZ DE RIO'),
  (253,5,'542','PESCA'),
  (254,5,'550','PISVA'),
  (255,5,'572','PUERTO BOYACA'),
  (256,5,'580','QUIPAMA'),
  (257,5,'599','RAMIRIQUI'),
  (258,5,'600','RAQUIRA'),
  (259,5,'621','RONDON'),
  (260,5,'632','SABOYA'),
  (261,5,'638','SACHICA'),
  (262,5,'646','SAMACA'),
  (263,5,'660','SAN EDUARDO'),
  (264,5,'664','SAN JOSE DE PARE'),
  (265,5,'667','SAN LUIS DE GACENO'),
  (266,5,'673','SAN MATEO'),
  (267,5,'676','SAN MIGUEL DE SEMA'),
  (268,5,'681','SAN PABLO DE BORBUR'),
  (269,5,'686','SANTANA'),
  (270,5,'690','SANTA MARIA'),
  (271,5,'693','SANTA ROSA DE VITERBO'),
  (272,5,'696','SANTA SOFIA'),
  (273,5,'720','SATIVANORTE'),
  (274,5,'723','SATIVASUR'),
  (275,5,'740','SIACHOQUE'),
  (276,5,'753','SOATA'),
  (277,5,'755','SOCOTA'),
  (278,5,'757','SOCHA'),
  (279,5,'759','SOGAMOSO'),
  (280,5,'761','SOMONDOCO'),
  (281,5,'762','SORA'),
  (282,5,'763','SOTAQUIRA'),
  (283,5,'764','SORACA'),
  (284,5,'774','SUSACON'),
  (285,5,'776','SUTAMARCHAN'),
  (286,5,'778','SUTATENZA'),
  (287,5,'790','TASCO'),
  (288,5,'798','TENZA'),
  (289,5,'804','TIBANA'),
  (290,5,'806','TIBASOSA'),
  (291,5,'808','TINJACA'),
  (292,5,'810','TIPACOQUE'),
  (293,5,'814','TOCA'),
  (294,5,'816','TOGUI'),
  (295,5,'820','TOPAGA'),
  (296,5,'822','TOTA'),
  (297,5,'832','TUNUNGUA'),
  (298,5,'835','TURMEQUE'),
  (299,5,'837','TUTA'),
  (300,5,'839','TUTASA'),
  (301,5,'842','UMBITA'),
  (302,5,'861','VENTAQUEMADA'),
  (303,5,'879','VIRACACHA'),
  (304,5,'897','ZETAQUIRA'),
  (305,6,'001','MANIZALES'),
  (306,6,'013','AGUADAS'),
  (307,6,'042','ANSERMA'),
  (308,6,'050','ARANZAZU'),
  (309,6,'088','BELALCAZAR'),
  (310,6,'174','CHINCHINA'),
  (311,6,'272','FILADELFIA'),
  (312,6,'380','LA DORADA'),
  (313,6,'388','LA MERCED'),
  (314,6,'433','MANZANARES'),
  (315,6,'442','MARMATO'),
  (316,6,'444','MARQUETALIA'),
  (317,6,'446','MARULANDA'),
  (318,6,'486','NEIRA'),
  (319,6,'513','PACORA'),
  (320,6,'524','PALESTINA'),
  (321,6,'541','PENSILVANIA'),
  (322,6,'614','RIOSUCIO'),
  (323,6,'616','RISARALDA'),
  (324,6,'653','SALAMINA'),
  (325,6,'662','SAMANA'),
  (326,6,'777','SUPIA'),
  (327,6,'867','VICTORIA'),
  (328,6,'873','VILLAMARIA'),
  (329,6,'877','VITERBO'),
  (330,7,'001','FLORENCIA'),
  (331,7,'029','ALBANIA'),
  (332,7,'094','BELEN DE LOS ANDAQUIES'),
  (333,7,'150','CARTAGENA DEL CHAIRA'),
  (334,7,'205','CURILLO'),
  (335,7,'247','EL DONCELLO'),
  (336,7,'256','EL PAUJIL'),
  (337,7,'410','LA MONTAÑITA'),
  (338,7,'460','MILAN'),
  (339,7,'479','MORELIA'),
  (340,7,'592','PUERTO RICO'),
  (341,7,'610','SAN JOSE DE FRAGUA'),
  (342,7,'753','SAN VICENTE DEL CAGUAN'),
  (343,7,'765','SOLANO'),
  (344,7,'860','VALPARAISO'),
  (345,8,'001','POPAYAN'),
  (346,8,'022','ALMAGUER'),
  (347,8,'050','ARGELIA'),
  (348,8,'075','BALBOA'),
  (349,8,'100','BOLIVAR'),
  (350,8,'110','BUENOS AIRES'),
  (351,8,'130','CAJIBIO'),
  (352,8,'137','CALDONO'),
  (353,8,'142','CALOTO'),
  (354,8,'212','CORINTO'),
  (355,8,'256','EL TAMBO'),
  (356,8,'318','GUAPI'),
  (357,8,'355','INZA'),
  (358,8,'364','JAMBALO'),
  (359,8,'392','LA SIERRA'),
  (360,8,'397','LA VEGA'),
  (361,8,'418','LOPEZ'),
  (362,8,'450','MERCADERES'),
  (363,8,'455','MIRANDA'),
  (364,8,'473','MORALES'),
  (365,8,'513','PADILLA'),
  (366,8,'517','PAEZ'),
  (367,8,'532','PATIA(EL BORDO)'),
  (368,8,'548','PIENDAMO'),
  (369,8,'573','PUERTO TEJADA'),
  (370,8,'585','PURACE'),
  (371,8,'622','ROSAS'),
  (372,8,'693','SAN SEBASTIAN'),
  (373,8,'698','SANTANDER DE QUILICHAO'),
  (374,8,'701','SANTA ROSA'),
  (375,8,'743','SILVIA'),
  (376,8,'760','SOTARA'),
  (377,8,'780','SUAREZ'),
  (378,8,'807','TIMBIO'),
  (379,8,'809','TIMBIQUI'),
  (380,8,'821','TORIBIO'),
  (381,8,'824','TOTORO'),
  (382,9,'001','VALLEDUPAR'),
  (383,9,'011','AGUACHICA'),
  (384,9,'013','AGUSTIN CODAZZI'),
  (385,9,'032','ASTREA'),
  (386,9,'045','BECERRIL'),
  (387,9,'060','BOSCONIA'),
  (388,9,'175','CHIMICHAGUA'),
  (389,9,'178','CHIRIGUANA'),
  (390,9,'228','CURUMANI'),
  (391,9,'238','EL COPEY'),
  (392,9,'250','EL PASO'),
  (393,9,'295','GAMARRA'),
  (394,9,'310','GONZALEZ'),
  (395,9,'383','LA GLORIA'),
  (396,9,'400','LA JAGUA DE IBIRICO'),
  (397,9,'443','MANAURE BALCON DL CESAR'),
  (398,9,'517','PAILITAS'),
  (399,9,'550','PELAYA'),
  (400,9,'570','PUEBLO BELLO'),
  (401,9,'614','RIO DE ORO'),
  (402,9,'621','LA PAZ'),
  (403,9,'710','SAN ALBERTO'),
  (404,9,'750','SAN DIEGO'),
  (405,9,'770','SAN MARTIN'),
  (406,9,'787','TAMALAMEQUE'),
  (407,10,'001','MONTERIA'),
  (408,10,'068','AYAPEL'),
  (409,10,'079','BUENAVISTA'),
  (410,10,'090','CANALETE'),
  (411,10,'162','CERETE'),
  (412,10,'168','CHIMA'),
  (413,10,'182','CHINU'),
  (414,10,'189','CIENAGA DE ORO'),
  (415,10,'417','LORICA'),
  (416,10,'419','LOS CORDOBAS'),
  (417,10,'464','MOMIL'),
  (418,10,'466','MONTELIBANO'),
  (419,10,'500','MOÑITOS'),
  (420,10,'555','PLANETA RICA'),
  (421,10,'570','PUEBLO NUEVO'),
  (422,10,'574','PUERTO ESCONDIDO'),
  (423,10,'580','PUERTO LIBERTADOR'),
  (424,10,'586','PURISIMA'),
  (425,10,'660','SAHAGUN'),
  (426,10,'670','SAN ANDRES SOTAVENTO'),
  (427,10,'672','SAN ANTERO'),
  (428,10,'675','SAN BERNARDO DEL VIENTO'),
  (429,10,'678','SAN CARLOS'),
  (430,10,'686','SAN PELAYO'),
  (431,10,'807','TIERRALTA'),
  (432,10,'855','VALENCIA'),
  (433,11,'001','AGUA DE DIOS'),
  (434,11,'019','ALBAN'),
  (435,11,'035','ANAPOIMA'),
  (436,11,'040','ANOLAIMA'),
  (437,11,'053','ARBELAEZ'),
  (438,11,'086','BELTRAN'),
  (439,11,'095','BITUIMA'),
  (440,11,'099','BOJACA'),
  (441,11,'120','CABRERA'),
  (442,11,'123','CACHIPAY'),
  (443,11,'126','CAJICA'),
  (444,11,'148','CAPARRAPI'),
  (445,11,'151','CAQUEZA'),
  (446,11,'154','CARMEN DE CARUPA'),
  (447,11,'168','CHAGUANI'),
  (448,11,'175','CHIA'),
  (449,11,'178','CHIPAQUE'),
  (450,11,'181','CHOACHI'),
  (451,11,'183','CHOCONTA'),
  (452,11,'200','COGUA'),
  (453,11,'214','COTA'),
  (454,11,'224','CUCUNUBA'),
  (455,11,'245','EL COLEGIO'),
  (456,11,'258','EL PENON'),
  (457,11,'269','FACATATIVA'),
  (458,11,'279','FOMEQUE'),
  (459,11,'281','FOSCA'),
  (460,11,'286','FUNZA'),
  (461,11,'288','FUQUENE'),
  (462,11,'290','FUSAGASUGA'),
  (463,11,'293','GACHALA'),
  (464,11,'295','GACHANCIPA'),
  (465,11,'297','GACHETA'),
  (466,11,'299','GAMA'),
  (467,11,'307','GIRARDOT'),
  (468,11,'317','GUACHETA'),
  (469,11,'320','GUADUAS'),
  (470,11,'322','GUASCA'),
  (471,11,'324','GUATAQUI'),
  (472,11,'326','GUATAVITA'),
  (473,11,'328','GUAYABAL DE SIQUIMA'),
  (474,11,'335','GUAYABETAL'),
  (475,11,'339','GUTIERREZ'),
  (476,11,'368','JERUSALEN'),
  (477,11,'372','JUNIN'),
  (478,11,'377','LA CALERA'),
  (479,11,'386','LA MESA'),
  (480,11,'394','LA PALMA'),
  (481,11,'398','LA PEÑA'),
  (482,11,'402','LA VEGA'),
  (483,11,'407','LENGUAZAQUE'),
  (484,11,'426','MACHETA'),
  (485,11,'430','MADRID'),
  (486,11,'436','MANTA'),
  (487,11,'438','MEDINA'),
  (488,11,'473','MOSQUERA'),
  (489,11,'483','NARIÑO'),
  (490,11,'486','NEMOCON'),
  (491,11,'488','NILO'),
  (492,11,'489','NIMAIMA'),
  (493,11,'491','NOCAIMA'),
  (494,11,'506','VENECIA'),
  (495,11,'513','PACHO'),
  (496,11,'518','PAIME'),
  (497,11,'524','PANDI'),
  (498,11,'530','PARATEBUENO'),
  (499,11,'535','PASCA'),
  (500,11,'572','PUERTO SALGAR'),
  (501,11,'580','PULI'),
  (502,11,'592','QUEBRADANEGRA'),
  (503,11,'594','QUETAME'),
  (504,11,'596','QUIPILE'),
  (505,11,'599','APULO'),
  (506,11,'612','RICAURTE'),
  (507,11,'645','S.ANTONIO TEQUENDAMA'),
  (508,11,'649','SAN BERNARDO'),
  (509,11,'653','SAN CAYETANO'),
  (510,11,'658','SAN FRANCISCO'),
  (511,11,'662','SAN JUAN DE RIO SECO'),
  (512,11,'718','SASAIMA'),
  (513,11,'736','SESQUILE'),
  (514,11,'740','SIBATE'),
  (515,11,'743','SILVANIA'),
  (516,11,'745','SIMIJACA'),
  (517,11,'754','SOACHA'),
  (518,11,'758','SOPO'),
  (519,11,'769','SUBACHOQUE'),
  (520,11,'772','SUESCA'),
  (521,11,'777','SUPATA'),
  (522,11,'779','SUSA'),
  (523,11,'781','SUTATAUSA'),
  (524,11,'785','TABIO'),
  (525,11,'793','TAUSA'),
  (526,11,'797','TENA'),
  (527,11,'799','TENJO'),
  (528,11,'805','TIBACUY'),
  (529,11,'807','TIBIRITA'),
  (530,11,'815','TOCAIMA'),
  (531,11,'817','TOCANCIPA'),
  (532,11,'823','TOPAIPI'),
  (533,11,'839','UBALA'),
  (534,11,'841','UBAQUE'),
  (535,11,'843','UBATE'),
  (536,11,'845','UNE'),
  (537,11,'851','UTICA'),
  (538,11,'862','VERGARA'),
  (539,11,'867','VIANI'),
  (540,11,'871','VILLAGOMEZ'),
  (541,11,'873','VILLAPINZON'),
  (542,11,'875','VILLETA'),
  (543,11,'878','VIOTA'),
  (544,11,'885','YACOPI'),
  (545,11,'898','ZIPACON'),
  (546,11,'899','ZIPAQUIRA'),
  (547,12,'001','QUIBDO'),
  (548,12,'006','ACANDI'),
  (549,12,'025','ALTO BAUDO'),
  (550,12,'073','BAGADO'),
  (551,12,'075','BAHIA SOLANO'),
  (552,12,'077','BAJO BAUDO'),
  (553,12,'082','BAJO SAN JUAN'),
  (554,12,'099','BOJAYA'),
  (555,12,'205','CONDOTO'),
  (556,12,'245','EL CARMEN'),
  (557,12,'361','ITSMINA'),
  (558,12,'372','JURADO'),
  (559,12,'413','LLORO'),
  (560,12,'491','NOVITA'),
  (561,12,'495','NUQUI'),
  (562,12,'615','RIOSUCIO'),
  (563,12,'660','SAN JOSE DEL PALMAR'),
  (564,12,'745','SIPI'),
  (565,12,'787','TADO'),
  (566,12,'800','UNGUIA'),
  (567,13,'001','NEIVA'),
  (568,13,'006','ACEVEDO'),
  (569,13,'013','AGRADO'),
  (570,13,'016','AIPE'),
  (571,13,'020','ALGECIRAS'),
  (572,13,'026','ALTAMIRA'),
  (573,13,'078','BARAYA'),
  (574,13,'132','CAMPOALEGRE'),
  (575,13,'206','COLOMBIA'),
  (576,13,'244','ELIAS'),
  (577,13,'298','GARZON'),
  (578,13,'306','GIGANTE'),
  (579,13,'319','GUADALUPE'),
  (580,13,'349','HOBO'),
  (581,13,'357','IQUIRA'),
  (582,13,'359','ISNOS'),
  (583,13,'378','LA ARGENTINA'),
  (584,13,'396','LA PLATA'),
  (585,13,'483','NATAGA'),
  (586,13,'503','OPORAPA'),
  (587,13,'518','PAICOL'),
  (588,13,'524','PALERMO'),
  (589,13,'530','PALESTINA'),
  (590,13,'548','PITAL'),
  (591,13,'551','PITALITO'),
  (592,13,'615','RIVERA'),
  (593,13,'660','SALADOBLANCO'),
  (594,13,'668','SAN AGUSTIN'),
  (595,13,'676','SANTA MARIA'),
  (596,13,'770','SUAZA'),
  (597,13,'791','TARQUI'),
  (598,13,'797','TESALIA'),
  (599,13,'799','TELLO'),
  (600,13,'801','TERUEL'),
  (601,13,'807','TIMANA'),
  (602,13,'872','VILLAVIEJA'),
  (603,13,'885','YAGUARA'),
  (604,14,'001','RIOHACHA'),
  (605,14,'078','BARRANCAS'),
  (606,14,'110','EL MOLINO'),
  (607,14,'279','FONSECA'),
  (608,14,'430','MAICAO'),
  (609,14,'560','MANAURE'),
  (610,14,'650','SAN JUAN DEL CESAR'),
  (611,14,'847','URIBIA'),
  (612,14,'855','URUMITA'),
  (613,14,'874','VILLANUEVA'),
  (614,15,'001','SANTA MARTA'),
  (615,15,'053','ARACATACA'),
  (616,15,'058','ARIGUANI'),
  (617,15,'161','CERRO SAN ANTONIO'),
  (618,15,'170','CHIVOLO'),
  (619,15,'189','CIENAGA'),
  (620,15,'245','EL BANCO'),
  (621,15,'258','EL PIÑON'),
  (622,15,'288','FUNDACION'),
  (623,15,'318','GUAMAL'),
  (624,15,'541','PEDRAZA'),
  (625,15,'551','PIVIJAY'),
  (626,15,'555','PLATO'),
  (627,15,'570','PUEBLOVIEJO'),
  (628,15,'605','REMOLINO'),
  (629,15,'675','SALAMINA'),
  (630,15,'692','SAN SEBASTIAN BUENAVIST'),
  (631,15,'703','SAN ZENON'),
  (632,15,'707','SANTA ANA'),
  (633,15,'745','SITIONUEVO'),
  (634,15,'798','TENERIFE'),
  (635,16,'001','VILLAVICENCIO'),
  (636,16,'006','ACACIAS'),
  (637,16,'110','BARRANCA DE UPIA'),
  (638,16,'124','CABUYARO'),
  (639,16,'150','CASTILLA LA NUEVA'),
  (640,16,'223','CUBARRAL'),
  (641,16,'226','CUMARAL'),
  (642,16,'245','EL CALVARIO'),
  (643,16,'251','EL CASTILLO'),
  (644,16,'287','FUENTE DE ORO'),
  (645,16,'313','GRANADA'),
  (646,16,'318','GUAMAL'),
  (647,16,'325','MAPIRIPAN'),
  (648,16,'330','MESETAS'),
  (649,16,'350','LA MACARENA'),
  (650,16,'370','LA URIBE'),
  (651,16,'400','LEJANIAS'),
  (652,16,'450','PUERTO CONCORDIA'),
  (653,16,'568','PUERTO GAITAN'),
  (654,16,'573','PUERTO LOPEZ'),
  (655,16,'577','PUERTO LLERAS'),
  (656,16,'590','PUERTO RICO'),
  (657,16,'606','RESTREPO'),
  (658,16,'680','SAN CARLOS GUAROA'),
  (659,16,'683','SAN JUAN DE ARAMA'),
  (660,16,'686','SAN JUANITO'),
  (661,16,'689','SAN MARTIN'),
  (662,16,'711','VISTA HERMOSA'),
  (663,17,'001','PASTO'),
  (664,17,'019','ALBAN'),
  (665,17,'022','ALDANA'),
  (666,17,'036','ANCUYA'),
  (667,17,'051','ARBOLEDA'),
  (668,17,'079','BARBACOAS'),
  (669,17,'083','BELEN'),
  (670,17,'110','BUESACO'),
  (671,17,'203','COLON'),
  (672,17,'207','CONSACA'),
  (673,17,'210','CONTADERO'),
  (674,17,'215','CORDOBA'),
  (675,17,'224','CUASPUD'),
  (676,17,'227','CUMBAL'),
  (677,17,'233','CUMBITARA'),
  (678,17,'250','EL CHARCO'),
  (679,17,'256','EL ROSARIO'),
  (680,17,'258','EL TABLON'),
  (681,17,'260','EL TAMBO'),
  (682,17,'287','FUNES'),
  (683,17,'317','GUACHUCAL'),
  (684,17,'320','GUAITARILLA'),
  (685,17,'323','GUALMATAN'),
  (686,17,'352','ILES'),
  (687,17,'354','IMUES'),
  (688,17,'356','IPIALES'),
  (689,17,'378','LA CRUZ'),
  (690,17,'381','LA FLORIDA'),
  (691,17,'385','LA LLANADA'),
  (692,17,'390','LA TOLA'),
  (693,17,'399','LA UNION'),
  (694,17,'405','LEIVA'),
  (695,17,'411','LINARES'),
  (696,17,'418','LOS ANDES'),
  (697,17,'427','MAGUI'),
  (698,17,'435','MALLAMA'),
  (699,17,'473','MOSQUERA'),
  (700,17,'490','OLAYA HERRERA'),
  (701,17,'506','OSPINA'),
  (702,17,'520','FRANCIS PIZARRO'),
  (703,17,'540','POLICARPA'),
  (704,17,'560','POTOSI'),
  (705,17,'573','PUERRES'),
  (706,17,'585','PUPIALES'),
  (707,17,'612','RICAURTE'),
  (708,17,'621','ROBERTO PAYAN'),
  (709,17,'678','SAMANIEGO'),
  (710,17,'683','SANDONA'),
  (711,17,'687','SAN LORENZO'),
  (712,17,'693','SAN PABLO'),
  (713,17,'694','SAN PEDRO DE CARTAGO'),
  (714,17,'696','SANTA BARBARA'),
  (715,17,'699','SANTACRUZ'),
  (716,17,'720','SAPUYES'),
  (717,17,'786','TAMINANGO'),
  (718,17,'788','TANGUA'),
  (719,17,'835','TUMACO'),
  (720,17,'838','TUQUERRES'),
  (721,17,'885','YACUANQUER'),
  (722,18,'001','CUCUTA'),
  (723,18,'003','ABREGO'),
  (724,18,'051','ARBOLEDAS'),
  (725,18,'099','BOCHALEMA'),
  (726,18,'109','BUCARASICA'),
  (727,18,'125','CACOTA'),
  (728,18,'128','CACHIRA'),
  (729,18,'172','CHINACOTA'),
  (730,18,'174','CHITAGA'),
  (731,18,'206','CONVENCION'),
  (732,18,'223','CUCUTILLA'),
  (733,18,'239','DURANIA'),
  (734,18,'245','EL CARMEN'),
  (735,18,'250','EL TARRA'),
  (736,18,'261','EL ZULIA'),
  (737,18,'313','GRAMALOTE'),
  (738,18,'344','HACARI'),
  (739,18,'347','HERRAN'),
  (740,18,'377','LABATECA'),
  (741,18,'398','LA PLAYA'),
  (742,18,'405','LOS PATIOS'),
  (743,18,'418','LOURDES'),
  (744,18,'480','MUTISCUA'),
  (745,18,'498','OCAÑA'),
  (746,18,'518','PAMPLONA'),
  (747,18,'520','PAMPLONITA'),
  (748,18,'599','RAGONVALIA'),
  (749,18,'660','SALAZAR'),
  (750,18,'670','SAN CALIXTO'),
  (751,18,'673','SAN CAYETANO'),
  (752,18,'680','SANTIAGO'),
  (753,18,'720','SARDINATA'),
  (754,18,'743','SILOS'),
  (755,18,'800','TEORAMA'),
  (756,18,'810','TIBU'),
  (757,18,'820','TOLEDO'),
  (758,18,'871','VILLA CARO'),
  (759,18,'874','VILLA DEL ROSARIO'),
  (760,19,'001','ARMENIA'),
  (761,19,'111','BUENAVISTA'),
  (762,19,'130','CALARCA'),
  (763,19,'190','CIRCASIA'),
  (764,19,'212','CORDOBA'),
  (765,19,'272','FILANDIA'),
  (766,19,'302','GENOVA'),
  (767,19,'401','LA TEBAIDA'),
  (768,19,'470','MONTENEGRO'),
  (769,19,'548','PIJAO'),
  (770,19,'594','QUIMBAYA'),
  (771,19,'690','SALENTO'),
  (772,20,'001','PEREIRA'),
  (773,20,'045','APIA'),
  (774,20,'075','BALBOA'),
  (775,20,'088','BELEN DE UMBRIA'),
  (776,20,'170','DOS QUEBRADAS'),
  (777,20,'318','GUATICA'),
  (778,20,'383','LA CELIA'),
  (779,20,'400','LA VIRGINIA'),
  (780,20,'440','MARSELLA'),
  (781,20,'456','MISTRATO'),
  (782,20,'572','PUEBLO RICO'),
  (783,20,'594','QUINCHIA'),
  (784,20,'682','SANTA ROSA DE CABAL'),
  (785,20,'687','SANTUARIO'),
  (786,21,'001','BUCARAMANGA'),
  (787,21,'013','AGUADA'),
  (788,21,'020','ALBANIA'),
  (789,21,'051','ARATOCA'),
  (790,21,'077','BARBOSA'),
  (791,21,'079','BARICHARA'),
  (792,21,'081','BARRANCABERMEJA'),
  (793,21,'092','BETULIA'),
  (794,21,'101','BOLIVAR'),
  (795,21,'121','CABRERA'),
  (796,21,'132','CALIFORNIA'),
  (797,21,'147','CAPITANEJO'),
  (798,21,'152','CARCASI'),
  (799,21,'160','CEPITA'),
  (800,21,'162','CERRITO'),
  (801,21,'167','CHARALA'),
  (802,21,'169','CHARTA'),
  (803,21,'176','CHIMA'),
  (804,21,'179','CHIPATA'),
  (805,21,'190','CIMITARRA'),
  (806,21,'207','CONCEPCION'),
  (807,21,'209','CONFINES'),
  (808,21,'211','CONTRATACION'),
  (809,21,'217','COROMORO'),
  (810,21,'229','CURITI'),
  (811,21,'235','EL CARMEN'),
  (812,21,'245','EL GUACAMAYO'),
  (813,21,'255','EL PLAYON'),
  (814,21,'264','ENCINO'),
  (815,21,'266','ENCISO'),
  (816,21,'271','FLORIAN'),
  (817,21,'276','FLORIDABLANCA'),
  (818,21,'296','GALAN'),
  (819,21,'298','GAMBITA'),
  (820,21,'307','GIRON'),
  (821,21,'318','GUACA'),
  (822,21,'320','GUADALUPE'),
  (823,21,'322','GUAPOTA'),
  (824,21,'324','GUAVATA'),
  (825,21,'327','GUEPSA'),
  (826,21,'344','HATO'),
  (827,21,'368','JESUS MARIA'),
  (828,21,'370','JORDAN'),
  (829,21,'377','LA BELLEZA'),
  (830,21,'385','LANDAZURI'),
  (831,21,'397','LA PAZ'),
  (832,21,'406','LEBRIJA'),
  (833,21,'418','LOS SANTOS'),
  (834,21,'425','MACARAVITA'),
  (835,21,'432','MALAGA'),
  (836,21,'444','MATANZA'),
  (837,21,'464','MOGOTES'),
  (838,21,'468','MOLAGAVITA'),
  (839,21,'498','OCAMONTE'),
  (840,21,'500','OIBA'),
  (841,21,'502','ONZAGA'),
  (842,21,'522','PALMAR'),
  (843,21,'524','PALMAS SOCORRO'),
  (844,21,'533','PARAMO'),
  (845,21,'547','PIEDECUESTA'),
  (846,21,'549','PINCHOTE'),
  (847,21,'572','PUENTE NACIONAL'),
  (848,21,'573','PUERTO PARRA'),
  (849,21,'575','PUERTO WILCHES'),
  (850,21,'615','RIONEGRO'),
  (851,21,'655','SABANA DE TORRES'),
  (852,21,'669','SAN ANDRES'),
  (853,21,'673','SAN BENITO'),
  (854,21,'679','SAN GIL'),
  (855,21,'682','SAN JOAQUIN'),
  (856,21,'684','SAN JOSE DE MIRANDA'),
  (857,21,'686','SAN MIGUEL'),
  (858,21,'689','SAN VICENTE DE CHUCURI'),
  (859,21,'705','SANTA BARBARA'),
  (860,21,'720','SANTA HELENA DEL OPON'),
  (861,21,'745','SIMACOTA'),
  (862,21,'755','SOCORRO'),
  (863,21,'770','SUAITA'),
  (864,21,'773','SUCRE'),
  (865,21,'780','SURATA'),
  (866,21,'820','TONA'),
  (867,21,'855','VALLE DE SAN JOSE'),
  (868,21,'861','VELEZ'),
  (869,21,'867','VETAS'),
  (870,21,'872','VILLANUEVA'),
  (871,21,'895','ZAPATOCA'),
  (872,22,'001','SINCELEJO'),
  (873,22,'110','BUENAVISTA'),
  (874,22,'124','CAIMITO'),
  (875,22,'204','COLOSO'),
  (876,22,'215','COROZAL'),
  (877,22,'230','CHALAN'),
  (878,22,'235','GALERAS'),
  (879,22,'265','GUARANDA'),
  (880,22,'400','LA UNION'),
  (881,22,'418','LOS PALMITOS'),
  (882,22,'429','MAJAGUAL'),
  (883,22,'473','MORROA'),
  (884,22,'508','OVEJAS'),
  (885,22,'523','PALMITO'),
  (886,22,'670','SAMPUES'),
  (887,22,'678','SAN BENITO ABAD'),
  (888,22,'702','SAN JUAN DE BETULIA'),
  (889,22,'708','SAN MARCOS'),
  (890,22,'713','SAN ONOFRE'),
  (891,22,'717','SAN PEDRO'),
  (892,22,'742','SINCE'),
  (893,22,'771','SUCRE'),
  (894,22,'820','TOLU'),
  (895,22,'823','TOLUVIEJO'),
  (896,23,'001','IBAGUE'),
  (897,23,'024','ALPUJARRA'),
  (898,23,'026','ALVARADO'),
  (899,23,'030','AMBALEMA'),
  (900,23,'043','ANZOATEGUI'),
  (901,23,'055','ARMERO'),
  (902,23,'067','ATACO'),
  (903,23,'124','CAJAMARCA'),
  (904,23,'148','CARMEN DE APICALA'),
  (905,23,'152','CASABIANCA'),
  (906,23,'168','CHAPARRAL'),
  (907,23,'200','COELLO'),
  (908,23,'217','COYAIMA'),
  (909,23,'226','CUNDAY'),
  (910,23,'236','DOLORES'),
  (911,23,'268','ESPINAL'),
  (912,23,'270','FALAN'),
  (913,23,'275','FLANDES'),
  (914,23,'283','FRESNO'),
  (915,23,'319','GUAMO'),
  (916,23,'347','HERVEO'),
  (917,23,'349','HONDA'),
  (918,23,'352','ICONONZO'),
  (919,23,'408','LERIDA'),
  (920,23,'411','LIBANO'),
  (921,23,'443','MARIQUITA'),
  (922,23,'449','MELGAR'),
  (923,23,'461','MURILLO'),
  (924,23,'483','NATAGAIMA'),
  (925,23,'504','ORTEGA'),
  (926,23,'547','PIEDRAS'),
  (927,23,'555','PLANADAS'),
  (928,23,'563','PRADO'),
  (929,23,'585','PURIFICACION'),
  (930,23,'616','RIOBLANCO'),
  (931,23,'622','RONCESVALLES'),
  (932,23,'624','ROVIRA'),
  (933,23,'671','SALDAÑA'),
  (934,23,'675','SAN ANTONIO'),
  (935,23,'678','SAN LUIS'),
  (936,23,'686','SANTA ISABEL'),
  (937,23,'770','SUAREZ'),
  (938,23,'854','VALLE DE SAN JUAN'),
  (939,23,'861','VENADILLO'),
  (940,23,'870','VILLAHERMOSA'),
  (941,23,'873','VILLARRICA'),
  (942,24,'001','CALI'),
  (943,24,'020','ALCALA'),
  (944,24,'036','ANDALUCIA'),
  (945,24,'041','ANSERMANUEVO'),
  (946,24,'054','ARGELIA'),
  (947,24,'100','BOLIVAR'),
  (948,24,'109','BUENAVENTURA'),
  (949,24,'111','BUGA'),
  (950,24,'113','BUGALAGRANDE'),
  (951,24,'122','CAICEDONIA'),
  (952,24,'126','CALIMA'),
  (953,24,'130','CANDELARIA'),
  (954,24,'147','CARTAGO'),
  (955,24,'233','DAGUA'),
  (956,24,'243','EL AGUILA'),
  (957,24,'246','EL CAIRO'),
  (958,24,'248','EL CERRITO'),
  (959,24,'250','EL DOVIO'),
  (960,24,'275','FLORIDA'),
  (961,24,'306','GINEBRA'),
  (962,24,'318','GUACARI'),
  (963,24,'364','JAMUNDI'),
  (964,24,'377','LA CUMBRE'),
  (965,24,'400','LA UNION'),
  (966,24,'403','LA VICTORIA'),
  (967,24,'497','OBANDO'),
  (968,24,'520','PALMIRA'),
  (969,24,'563','PRADERA'),
  (970,24,'606','RESTREPO'),
  (971,24,'616','RIOFRIO'),
  (972,24,'622','ROLDANILLO'),
  (973,24,'670','SAN PEDRO'),
  (974,24,'736','SEVILLA'),
  (975,24,'823','TORO'),
  (976,24,'828','TRUJILLO'),
  (977,24,'834','TULUA'),
  (978,24,'845','ULLOA'),
  (979,24,'863','VERSALLES'),
  (980,24,'869','VIJES'),
  (981,24,'890','YOTOCO'),
  (982,24,'892','YUMBO'),
  (983,24,'895','ZARZAL'),
  (984,25,'001','ARAUCA'),
  (985,25,'065','ARAUQUITA'),
  (986,25,'220','CRAVO NORTE'),
  (987,25,'300','FORTUL'),
  (988,25,'591','PUERTO RONDON'),
  (989,25,'736','SARAVENA'),
  (990,25,'794','TAME'),
  (991,26,'001','YOPAL'),
  (992,26,'010','AGUAZUL'),
  (993,26,'015','CHAMEZA'),
  (994,26,'125','HATO COROZAL'),
  (995,26,'136','LA SALINA'),
  (996,26,'139','MANI'),
  (997,26,'162','MONTERREY'),
  (998,26,'225','NUNCHIA'),
  (999,26,'230','OROCUE'),
  (1000,26,'250','PAZ DE ARIPORO'),
  (1001,26,'263','PORE'),
  (1002,26,'279','RECETOR'),
  (1003,26,'300','SABANALARGA'),
  (1004,26,'315','SACAMA'),
  (1005,26,'325','SAN LUIS DE PALENQUE'),
  (1006,26,'400','TAMARA'),
  (1007,26,'410','TAURAMENA'),
  (1008,26,'430','TRINIDAD'),
  (1009,26,'440','VILLANUEVA'),
  (1010,27,'001','MOCOA'),
  (1011,27,'219','COLON'),
  (1012,27,'320','ORITO'),
  (1013,27,'568','PUERTO ASIS'),
  (1014,27,'573','PUERTO  LEGUIZAMO'),
  (1015,27,'749','SIBUNDOY'),
  (1016,27,'755','SAN FRANCISCO'),
  (1017,27,'760','SANTIAGO'),
  (1018,27,'865','VALLE GUAMUEZ'),
  (1019,27,'885','VILLAGARZON'),
  (1020,28,'001','SAN ANDRES'),
  (1021,28,'564','PROVIDENCIA'),
  (1022,29,'001','LETICIA'),
  (1023,30,'001','INIRIDA'),
  (1024,31,'001','SAN JOSE DEL GUAVIARE'),
  (1025,32,'001','MITU'),
  (1026,33,'001','PUERTO CARRENO'),
  (1027,33,'524','LA PRIMAVERA')
  ON CONFLICT (id_ciudad) DO NOTHING;
